region_slug,item_name,body,status
gwanak,,배출은 일~금 저녁 6시부터 자정 사이에 내 집·점포 앞에 내놓으세요. (배출예정일 다음날 수거),approved
gwanak,,신청 후 발급되는 배출번호(신고필증)를 붙이거나 적어두지 않으면 수거하지 않아요.,approved
gwanak,냉장고,냉장고·세탁기·에어컨 등 일부 폐가전은 무상방문수거(1599-0903) 대상일 수 있어요.,approved
gangnam,,배출 3일 전까지 신청해야 해요. 냉장고·세탁기·에어컨 등 대형가전은 무상방문수거(1599-0903)로 0원 처리 가능.,approved
nowon,,냉장고·세탁기·TV 등 대형가전은 요금표에 값이 있어도 무상방문수거(1599-0903) 대상이에요.,approved
yeongdeungpo,,대형가전(냉장고·세탁기·에어컨·TV 1m 이상)은 무상방문수거(1599-0903)로 0원 처리 가능. 무단투기 시 과태료.,approved
songpa,,냉장고·세탁기·TV·에어컨 등 대형가전은 무상방문수거(1599-0903) 우선 검토하세요.,approved
gangseo,,온라인 접수는 '빼기' 앱으로 일원화됐어요. 빼기 예약번호를 적어 붙이지 않으면 수거하지 않아요.,approved
eunpyeong,,신고필증 인쇄가 어려우면 접수번호·주소·품목·배출일자를 손으로 적어 부착해도 돼요.,approved
